{"cameraMode":{"drawMode":0,"name":"Shaded","section":"Shading Mode"},"sceneLighting":false,"audioPlay":false,"sceneViewState":{"showFog":true,"showMaterialUpdate":false,"showSkybox":false,"showFlares":true,"showImageEffects":true,"showParticleSystems":true},"in2DMode":false,"pivot":{"x":861.6609497070313,"y":378.3778076171875,"z":-8.029999732971192},"rotation":{"x":-0.10238809138536453,"y":0.6934626698493958,"z":-0.10056158900260925,"w":-0.706060528755188},"size":0.4392200708389282,"orthographic":false}